CSO,Agency
 18F Cloud.gov,EPA
 18F Cloud.gov ,DOD
 18F Cloud.gov ,GSA
 Acadis Readiness Suite ,State
 Accenture Federal Cloud ERP ,DOE
 Accenture Federal Cloud ERP ,NSF
 Aconex Collaboration Platform for Project Information and Process Management ,DOE
 Acquia Cloud,HHS
 Acquia Cloud ,DOC
 Acquia Cloud ,DOE
 Acquia Cloud ,DOJ
 Acquia Cloud ,DOT
 Acquia Cloud ,SSA
 Acquia Cloud ,Treasury
 Adobe Connect Managed Services ,DOEd
 Adobe Connect Managed Services ,DOJ
 Adobe Connect Managed Services ,DOT
 Adobe Connect Managed Services ,EPA
 Adobe Connect Managed Services ,HHS
 Adobe Connect Managed Services ,USAID
 Adobe Experience Manager Managed Services ,DHS
 Adobe Experience Manager Managed Services ,HHS
 Airwatch by VMware Government Services ,DOC
 Airwatch by VMware Government Services ,DOEd
 Alma and Primo,DOE
 Alma and Primo ,HHS
 Appian Cloud ,Treasury
 Appian Cloud ,DOL
 Appian Cloud ,DOT
 Appian Cloud ,HHS
 Application Platform,NARA
 Autodesk BIM 360 Glue ,DOD
 Autodesk Cloud Services ,DOD
 Avue Digital Services ,DOD
 Avue Digital Services ,DOJ
 Avue Digital Services ,HHS
 Avue Digital Services ,DOT
 AWS East/West ,DOJ
 AWS Gov Cloud ,Treasury
 AWS Gov Cloud ,Treasury
 AWS GovCloud,DOJ
 AWS GovCloud ,DHS
 AWS GovCloud ,DOC
 AWS GovCloud ,DOC
 AWS GovCloud ,DOC
 AWS GovCloud ,DOD
 AWS GovCloud ,DOD
 AWS GovCloud ,DOD
 AWS GovCloud ,DOE
 AWS GovCloud ,DOE
 AWS GovCloud ,DOEd
 AWS GovCloud ,DOI
 AWS GovCloud ,HHS
 AWS GovCloud ,HHS
 AWS GovCloud ,NSF
 AWS GovCloud ,State
 AWS GovCloud ,USDA
 AWS GovCloud ,DOD
 AWS GovCloud ,GSA
 AWS GovCloud ,VA
 AWS US East/West ,DOJ
 AWS US East/West ,DHS
 AWS US East/West ,DHS
 AWS US East/West ,DOC
 AWS US East/West ,DOC
 AWS US East/West ,DOC
 AWS US East/West ,DOC
 AWS US East/West ,DOD
 AWS US East/West ,DOE
 AWS US East/West ,DOE
 AWS US East/West ,DOEd
 AWS US East/West ,DOI
 AWS US East/West ,DOJ
 AWS US East/West ,DOL
 AWS US East/West ,DOT
 AWS US East/West ,GSA
 AWS US East/West ,HHS
 AWS US East/West ,HHS
 AWS US East/West ,HHS
 AWS US East/West ,HUD
 AWS US East/West ,NASA
 AWS US East/West ,NSF
 AWS US East/West ,SSA
 AWS US East/West ,Treasury
 AWS US East/West ,Treasury
 AWS US East/West ,USAID
 AWS US East/West ,USDA
 AWS US East/West ,USDA
 AWS US East/West ,VA
 Azure Commercial Cloud,USNRC
 Azure Commercial Cloud ,DHS
 Azure Commercial Cloud ,DHS
 Azure Commercial Cloud ,DOC
 Azure Commercial Cloud ,DOC
 Azure Commercial Cloud ,DOC
 Azure Commercial Cloud ,DOEd
 Azure Commercial Cloud ,DOI
 Azure Commercial Cloud ,DOL
 Azure Commercial Cloud ,DOT
 Azure Commercial Cloud ,EPA
 Azure Commercial Cloud ,HHS
 Azure Commercial Cloud ,HUD
 Azure Commercial Cloud ,NSF
 Azure Commercial Cloud ,USDA
 Azure Government Cloud ,DOE
 Azure Government Cloud ,DOEd
 Azure Government Cloud ,DOT
 Azure Government Cloud ,Treasury
 Azure Government Cloud ,VA
 Azure Government Cloud ,DOD
 Azure Government Cloud ,HHS
 Azure Government Cloud ,HHS
 Azure Government Cloud ,State
 Azure Government Cloud ,VA
 Beacon ,HHS
 BlackBerry Cloud AtHoc Services for Government,DOE
 BlackBerry Cloud AtHoc Services for Government,DOE
 BlackBerry Cloud AtHoc Services for Government,DOT
 BlackBerry Cloud AtHoc Services for Government,Treasury
 Blackboard Learn & Collaborate ,DOD
 BMC Remedy Fed,USDA
 BMC Remedy Fed,USDA
 BMC Remedyforce ,DOEd
 Box Enterprise Cloud Content Collaboration Platform ,DOD
 Box Enterprise Cloud Content Collaboration Platform ,DOE
 Box Enterprise Cloud Content Collaboration Platform ,DOJ
 Box Enterprise Cloud Content Collaboration Platform ,SBA
 Box Enterprise Cloud Content Collaboration Platform ,State
 Box Enterprise Cloud Content Collaboration Platform ,Treasury
 CGI Federal Cloud ,EPA
 CGI Federal Cloud ,Treasury
 CGI Federal Cloud ,USDA
 CGI Federal Cloud ,VA
 CGI Federal Cloud ,DHS
 CGI Federal Cloud ,DHS
 CGI Federal Cloud ,DOEd
 CGI Federal Cloud ,GSA
 Cirrus Insight ,GSA
 Cisco Hosted Collaboration Solution for Government ,HHS
 Cisco WebEx ,DOC
 Cisco WebEx ,HHS
 Cisco WebEx ,DOE
 Citrix Fileshare ,DOE
 Citrix ShareFile,Treasury
 Citrix ShareFile ,State
 Cloud Access Secuirty Broker for Government ,DOE
 Cloud Access Security Broker for Government,VA
 Cloud Managed Services for Government ,DOD
 Cloudlock Security Fabric for Federal ,GSA
 Compusearch FedConnect,USAID
 ConnectSolutions FedRAMP MeetingCloud ,DHS
 Content Delivery Services,HHS
 Content Delivery Services ,DHS
 Content Delivery Services ,DHS
 Content Delivery Services ,DOC
 Content Delivery Services ,DOC
 Content Delivery Services ,DOC
 Content Delivery Services ,DOD
 Content Delivery Services ,DOE
 Content Delivery Services ,DOEd
 Content Delivery Services ,DOEd
 Content Delivery Services ,DOEd
 Content Delivery Services ,DOI
 Content Delivery Services ,DOJ
 Content Delivery Services ,DOL
 Content Delivery Services ,EPA
 Content Delivery Services ,GSA
 Content Delivery Services ,HHS
 Content Delivery Services ,HHS
 Content Delivery Services ,HUD
 Content Delivery Services ,NARA
 Content Delivery Services ,NASA
 Content Delivery Services ,NSF
 Content Delivery Services ,State
 Content Delivery Services ,Treasury
 Content Delivery Services ,Treasury
 Content Delivery Services ,USAID
 Content Delivery Services ,USDA
 Content Delivery Services ,VA
 Content Delivery Services ,VA
 Content Delivery Services ,VA
 Coupa Cloud Spend Management Services ,DHS
 Customer eXperience Platform ,OPM
 Customer Feedback Management System ,HHS
 Customer Service Application ,DOEd
 CylancePROTECT ,DOE
 CylancePROTECT ,OPM
 Data Basin ,DOI
 Data Governance Center ,DHS
 Datapipe Government Solutions Federal Community Cloud Platform ,DOE
 Datapipe Government Solutions Federal Community Cloud Platform ,DOJ
 Datapipe Government Solutions Federal Community Cloud Platform ,NSF
 Datapipe Government Solutions Federal Community Cloud Platform ,SBA
 Datapipe Government Solutions Federal Community Cloud Platform ,Treasury
 Decision Lens Software,GSA
 Decision Lens Software ,DOT
 Decision Lens Software ,HHS
 Deloitte Federal Technology Center ,DOL
 Druva inSync ,HHS
 Dynamics CRM Online for Government ,DHS
 Dynamics CRM Online for Government ,DOE
 Dynamics CRM Online for Government ,DOEd
 Dynamics CRM Online for Government ,DOI
 Dynamics CRM Online for Government ,HHS
 Dynamics CRM Online for Government ,HUD
 Dynamics CRM Online for Government ,VA
 eCase,HHS
 eCase ,DOD
 eCase ,DOEd
 eCase ,DOJ
 eCase ,HUD
 Economic Systems Federal Human Resources Navigator ,DHS
 Economic Systems Federal Human Resources Navigator ,DOE
 Economic Systems Federal Human Resources Navigator ,DOI
 Economic Systems Federal Human Resources Navigator ,DOJ
 Edge FedRAMP Compliant CloudPlus ,DOE
 Edge FedRAMP Compliant CloudPlus ,GSA
 Edge FedRAMP Compliant CloudPlus [DISA],DOD
 Enterprise Cloud Federal Edition ,DOC
 Enterprise Cloud Federal Edition ,DOD
 Enterprise Cloud Federal Edition ,DOL
 Enterprise Cloud Federal Edition ,DOT
 Enterprise Cloud Federal Edition ,HHS
 Equinix Cloud Exchange ,HHS
 Esri Managed Cloud Services,DOI
 Esri Managed Cloud Services ,DOC
 Esri Managed Cloud Services ,HUD
 Esri Managed Cloud Services ,SSA
 Esri Managed Cloud Services ,USDA
 Everbridge Suite ,DOC
 Everbridge Suite ,DOE
 Everbridge Suite ,GSA
 Everbridge Suite ,SSA
 Federal Cloud ,DOI
 Federal Cloud ,DOT
 Federal Cloud ,VA
 Federal Human Resources Navigator ,DOD
 Federal Human Resources Navigator ,EPA
 Federal Managed Cloud Services ,DOD
 Federal Managed Cloud Services ,DOEd
 Federal Managed Cloud Services ,HHS
 Federal Managed Cloud Services ,HUD
 Federal Managed Cloud Services ,Treasury
 Federal Managed Cloud Services ,Treasury
 Federal Private Cloud for Windows and Linux Application ,GSA
 Federal Private Cloud for Windows and Linux Application ,USDA
 Federal Private Cloud for Windows and Linux Applications ,DOD
 FireEye Email Threat Prevention Service,DOI
 Forefront Online Protection for Exchange  ,DHS
 GDIT Cloud ,DOC
 GDIT Cloud ,DOEd
 GDIT Cloud ,DOL
 GDIT Cloud ,OPM
 GDIT Customer eXperience Platform ,DOJ
 Global Foundation Services ,DHS
 Global Foundation Services ,DOC
 Global Foundation Services ,NSF
 Google Services ,DOE
 Google Services ,USAID
 Google Services ,DOC
 Google Services ,DOEd
 Google Services ,DOI
 Google Services ,DOJ
 Google Services ,GSA
 Google Services ,NARA
 Google Services ,NASA
 Google Services ,VA
 GovDeilvery Communication Cloud ,DOE
 GovDeilvery Communication Cloud ,HUD
 GovDelivery Communication Cloud ,DHS
 GovDelivery Communication Cloud ,DOI
 GovDelivery Communication Cloud ,EPA
 GovDelivery Communication Cloud ,GSA
 GovDelivery Communication Cloud ,USDA
 GovDelivery Communication Cloud ,USNRC
 GovDelivery Communications Cloud ,DOC
 GovDelivery Communications Cloud ,DOC
 GovDelivery Communications Cloud ,DOD
 GovDelivery Communications Cloud ,DOEd
 GovDelivery Communications Cloud ,DOJ
 GovDelivery Communications Cloud ,DOT
 GovDelivery Communications Cloud ,HHS
 GovDelivery Communications Cloud ,SSA
 GovDelivery Communications Cloud ,State
 GovDelivery Communications Cloud ,Treasury
 GovDelivery Communications Cloud ,USAID
 GovDelivery Communications Cloud ,VA
 HPE Fortify on Demand ,DHS
 HPE Fortify on Demand ,GSA
 HPE Helion for Public Sector ,DHS
 HPE Helion for Public Sector ,DOD
 HPE Helion for Public Sector ,DOEd
 Huddle US ,DOC
 Huddle US ,DOD
 Huddle US ,DOE
 Huddle US ,HHS
 Huddle US ,USAID
 IDaaS ,DOJ
 IdeaScale Gov ,DHS
 IdeaScale Gov ,DOE
 In3Sight Service System ,DOJ
 In3Sight Service System ,SBA
 Infor SyteLine ERP Suite ,DOC
 Infrastrucure Platform,NARA
 iSite Contract Management Portal ,NASA
 Jive FedRAMP ,NASA
 Kiteworks Federal Cloud ,DOE
 Kiteworks Federal Cloud ,DOI
 Lookout Mobile Endpoint Security ,DHS
 MaaS360 Enterprise Mobility Management ,DOC
 MaaS360 Enterprise Mobility Management ,DOC
 MaaS360 Enterprise Mobility Management ,DOC
 MaaS360 Enterprise Mobility Management ,DOC
 MaaS360 Enterprise Mobility Management ,DOD
 MaaS360 Enterprise Mobility Management ,DOE
 MaaS360 Enterprise Mobility Management ,DOI
 MaaS360 Enterprise Mobility Management ,DOL
 MaaS360 Enterprise Mobility Management ,EPA
 MaaS360 Enterprise Mobility Management ,GSA
 MaaS360 Enterprise Mobility Management ,HHS
 MaaS360 Enterprise Mobility Management ,NASA
 MaaS360 Enterprise Mobility Management ,OPM
 MaaS360 Enterprise Mobility Management ,USNRC
 MaaS360 Enterprise Mobility Management ,VA
 MAX General Support Services ,DOD
 MAX.gov Shared Services ,DOD
 MicroPact Product Suite ,USNRC
 MicroPact Product Suite ,DHS
 MicroPact Product Suite ,DOC
 MicroPact Product Suite ,DOD
 MicroPact Product Suite ,DOEd
 MicroPact Product Suite ,DOI
 MicroPact Product Suite ,DOJ
 MicroPact Product Suite ,DOL
 MicroPact Product Suite ,DOT
 MicroPact Product Suite ,EPA
 MicroPact Product Suite ,GSA
 MicroPact Product Suite ,HHS
 MicroPact Product Suite ,HUD
 MicroPact Product Suite ,OPM
 MicroPact Product Suite ,Treasury
 MicroPact Product Suite ,USAID
 mLINQS Hosting Service ,Treasury
 MobileIron Government Cloud,Treasury
 MobileIron Government Cloud ,DOE
 New Relic ,DHS
 New Relic ,DOT
 New Relic ,GSA
 New Relic ,HHS
 New Relic ,USDA
 New Relic ,VA
 NX ,HHS
 Office 365 Multi Tenant & Supporting Services,DHS
 Office 365 Multi Tenant & Supporting Services,DOC
 Office 365 Multi Tenant & Supporting Services,DOC
 Office 365 Multi Tenant & Supporting Services,DOC
 Office 365 Multi Tenant & Supporting Services,DOD
 Office 365 Multi Tenant & Supporting Services,DOE
 Office 365 Multi Tenant & Supporting Services,DOE
 Office 365 Multi Tenant & Supporting Services,DOE
 Office 365 Multi Tenant & Supporting Services,DOEd
 Office 365 Multi Tenant & Supporting Services,DOI
 Office 365 Multi Tenant & Supporting Services,DOL
 Office 365 Multi Tenant & Supporting Services,DOT
 Office 365 Multi Tenant & Supporting Services,HHS
 Office 365 Multi Tenant & Supporting Services,HUD
 Office 365 Multi Tenant & Supporting Services,NSF
 Office 365 Multi Tenant & Supporting Services,SBA
 Office 365 Multi Tenant & Supporting Services,State
 Office 365 Multi Tenant & Supporting Services,Treasury
 Office 365 Multi Tenant & Supporting Services,VA
 Office 365 with International Traffic In Arms ,DOJ
 OneStream XF Cloud ,Treasury
 Oracle Service Cloud ,DHS
 Oracle Service Cloud ,DOD
 Oracle Service Cloud ,DOD
 Oracle Service Cloud ,DOE
 Oracle Service Cloud ,NASA
 Oracle Service Cloud ,VA
 Oracle Service Cloud ,VA
 PaaS ,DOL
 Parature Customer Service Application ,NASA
 Parature Customer Service Application ,SSA
 Pega Cloud ,USDA
 Planning and Budgeting Cloud Services ,DHS
 Platform as a Service ,GSA
 PRISM SaaS ,HHS
 Private Cloud ,EPA
 Proofpoint Email Archive ,DOE
 Proofpoint Email Archive ,DOJ
 Proofpoint Email Archive ,DOT
 PTC Cloud Services ,NASA
 QTS Government Cloud ,DOD
 Qualtrics Insight Platform ,HHS
 Qualys Cloud Platform ,DOEd
 Qualys Cloud Platform ,HHS
 QuestionMark OnDemand for Government ,State
 Rave Alert ,DOE
 Replicon Cloud ,USDA
 Salesforce Government Cloud,Treasury
 Salesforce Government Cloud ,DHS
 Salesforce Government Cloud ,DOC
 Salesforce Government Cloud ,DOD
 Salesforce Government Cloud ,DOE
 Salesforce Government Cloud ,DOE
 Salesforce Government Cloud ,DOI
 Salesforce Government Cloud ,DOJ
 Salesforce Government Cloud ,DOL
 Salesforce Government Cloud ,DOT
 Salesforce Government Cloud ,EPA
 Salesforce Government Cloud ,GSA
 Salesforce Government Cloud ,HHS
 Salesforce Government Cloud ,HHS
 Salesforce Government Cloud ,HHS
 Salesforce Government Cloud ,HUD
 Salesforce Government Cloud ,NARA
 Salesforce Government Cloud ,NASA
 Salesforce Government Cloud ,SBA
 Salesforce Government Cloud ,USDA
 Salesforce Government Cloud ,VA
 SAP NS2 Cloud ,DOT
 Secure Cloud ,DOE
 SecureCloud ,DOD
 ServiceNow Service Automation Government Cloud Suite ,DHS
 ServiceNow Service Automation Government Cloud Suite ,DOC
 ServiceNow Service Automation Government Cloud Suite ,DOE
 ServiceNow Service Automation Government Cloud Suite ,DOE
 ServiceNow Service Automation Government Cloud Suite ,DOI
 ServiceNow Service Automation Government Cloud Suite ,DOJ
 ServiceNow Service Automation Government Cloud Suite ,GSA
 ServiceNow Service Automation Government Cloud Suite ,HHS
 ServiceNow Service Automation Government Cloud Suite ,NASA
 ServiceNow Service Automation Government Cloud Suite ,SBA
 ServiceNow Service Automation Government Cloud Suite ,SSA
 ServiceNow Service Automation Government Cloud Suite ,State
 ServiceNow Service Automation Government Cloud Suite ,Treasury
 ServiceNow Service Automation Government Cloud Suite ,USAID
 SmartCloud for Government ,DOD
 SmartCloud for Government ,DOD
 SmartCloud for Government ,DOI
 SmartCloud for Government ,GSA
 SmartCloud for Government ,USAID
 Socrata Data Platform ,DOT
 Softlayer Federal Cloud ,DHS
 Softlayer Federal Cloud ,DOI
 Solutions as a Service ,DOD
 Solutions as a Service ,DOJ
 Solutions as a Service ,Treasury
 SpringCM ,USDA
 Storage as a Service ,DOD
 SWN Emergency Notification Service ,DOI
 SWN Emergency Notification Service ,DOT
 Taleo Cloud ,DOE
 Taleo Cloud ,DOJ
 The Apptio Technology Business Management ,DOI
 Tibbr ,USAID
 TRAPWIRE Threat Detection and Analysis System ,DOD
 U.S. Government Cloud,DHS
 Unified Talent Management Suite ,NARA
 Unified Talent Management Suite ,Treasury
 Unified Talent Management Suite ,USAID
 USDA National Information Technology Center,USNRC
 USDA National Information Technology Center ,DOD
 USDA National Information Technology Center ,DOL
 USDA National Information Technology Center ,GSA
 USDA National Information Technology Center ,HHS
 USDA National Information Technology Center ,USDA
 VBrick Rev ,DOC
 Veracode Application Security Services System ,USNRC
 Web Development and Hosting ,OPM
 Workplace.gov Community Cloud ,Treasury
Accompa ,DOE
Adhoc ,DOE
Adobe ,HHS
Adobe Creative Cloud Team Sites ,DOE
Adobe Experience Manager Managed Services ,DOEd
ADP ,DOE
Agile ,DOE
Alma ,DOE
Amazon ,EPA
Aon Hewitt ,DOE
Apptis,EPA
ARC-P,DHS
ARC-P,DOD
ARC-P,DOE
ARC-P,DOI
ARC-P,EPA
ARC-P,HHS
Atlassian ,DOE
AutoDesk,DOE
Autonomic Resources LLC ,OPM
BlueJeans ,DOE
BrassRing,DOE
CACI,DOJ
Capriza ,DOE
CDS – Federal Cloud Discovery Services,DOL
Cerdian ,DOE
Certain Software,DOC
Citrix GoToMeeting ,DOT
Cloud Aware,NASA
CloudLock,NASA
CNP GovDataHosting Cloud Platform,VA
Code42 ,DOE
Concur,EPA
Cornerstone On Demand ,DOC
Crashplan,DOE
Cvent ,DOE
"Development Infostructure, Inc. ",DOL
DLT Solutions ,DOL
DM,Treasury
Doxelerate,DOE
Dropbox ,DOE
Dual Security,DOE
Dynnect ,DOC
Ebid Systems,DOE
Economic Systems Federal Human Resources Navigator ,USAID
eCPIC,DOE
eFOIA,Treasury
Eloqua,GSA
EMAT ,DOE
Emergency Notification System ,DOC
Energy.gov,DOE
Enviance ,DOE
"Environmental System Research Institute, Inc.",USDA
Equifax ,DOE
Fermilab eBid ,DOE
Fireamp ,DOE
Fluke ,DOE
Force.com ,NASA
Genesys ,DOEd
GitHub ,DOE
GoAnimate,DOE
Google Analytics Premium,DOEd
GovDelivery – GovDelivery Communications Cloud ,DOL
GRB,VA
Greatland,DOE
HealthStream Learning Center ,VA
HP ,DOT
HRA,VA
ILMS and AWS ,DOC
Inforeliance ,DOL
Innotas,HHS
InuTech ,DOL
Kaltura,DOC
Kissflow ,GSA
Kronos,DOE
Kronos ,DOE
"LawLogix Group, Inc. ",DOE
LCPTracker ,DOE
LimeLight,NASA
Lockheed Martin,HHS
Locus Technologies ,DOE
Logistics Management,DOC
MainConn,DOE
Mayohealth,DOE
MediData ,HHS
Microsoft O365 ,USDA
Monster,Treasury
Navvia,DOE
NC4,Treasury
Network Solutions,Treasury
OneExchange ,DOE
OTI Anywhere ,USAID
Pager Duty,DOE
Pantheon ,DOE
PayPal,Treasury
Peoplefluent ,DOE
PFS Web,Treasury
PhishMe,DOE
PhishMe ,DOC
Piktochart ,DOE
Project Hosts ,DOC
ReadyTalk ,DOE
Relativity ,DOJ
Salamander ,DOE
Salesforce  –  Salesforce Government Cloud ,DOEd
Salesforce – Salesforce Government Cloud ,DOEd
Salesforce – Salesforce Government Cloud ,USAID
Savvis/Centurylink,HHS
ShareLaTeX ,DOE
Slack ,GSA
"Slack Technologies, Inc. ",DOE
Socrata ,HHS
Splunk,NASA
StreetSaver ,DOE
SurveyMonkey,DOE
Syteline,DOC
TalentBrew ,DOE
"Tenable, Inc. ",DOE
Terremark ,HHS
Trello ,GSA
Twilio,GSA
United Healthcare/Rally ,DOE
United States Department of the Treasury Workplace.gov Community Cloud ,DOD
UpTrends,GSA
US Department of Interior,EPA
Verizon Enterprise Cloud Federal Edition ,USAID
Vinimaya ,DOE
Virgin Pulse ,DOE
Virtu Pro,VA
Wageworks ,DOE
WebTrends On Demand ,DOEd
Workday ,DOE
Wrike ,DOE
Youtube ,DOE
Zendesk ,GSA
Zoom ,GSA
Zoom ,DOE